{
 "ours_30000": {
  "SSIM": 0.46810656785964966,
  "PSNR": 19.68094253540039,
  "LPIPS": 0.3237999975681305
 }
}