{
 "ours_7000": {
  "SSIM": 0.570174515247345,
  "PSNR": 22.083133697509766,
  "LPIPS": 0.33488282561302185
 }
}