{
 "ours_30000": {
  "SSIM": 0.5428668856620789,
  "PSNR": 18.112201690673828,
  "LPIPS": 0.24040302634239197
 }
}