{
 "ours_30000": {
  "SSIM": 0.7192519307136536,
  "PSNR": 23.550609588623047,
  "LPIPS": 0.22971756756305695
 }
}