{
 "ours_30000": {
  "SSIM": 0.48767685890197754,
  "PSNR": 18.914522171020508,
  "LPIPS": 0.34632620215415955
 }
}