{
 "ours_30000": {
  "SSIM": 0.4091796278953552,
  "PSNR": 16.368764877319336,
  "LPIPS": 0.35113081336021423
 }
}