{
 "ours_30000": {
  "SSIM": 0.6510123014450073,
  "PSNR": 22.227006912231445,
  "LPIPS": 0.20169825851917267
 }
}