{
 "ours_30000": {
  "SSIM": 0.7855639457702637,
  "PSNR": 23.75467872619629,
  "LPIPS": 0.21896430850028992
 }
}