{
 "ours_30000": {
  "SSIM": 0.4682105481624603,
  "PSNR": 19.580507278442383,
  "LPIPS": 0.3328109085559845
 }
}