{
 "ours_30000": {
  "SSIM": 0.5339878797531128,
  "PSNR": 17.9793643951416,
  "LPIPS": 0.24720518290996552
 }
}