{
 "ours_30000": {
  "SSIM": 0.6270666122436523,
  "PSNR": 19.60734748840332,
  "LPIPS": 0.2636801302433014
 }
}