{
 "ours_30000": {
  "SSIM": 0.6093698143959045,
  "PSNR": 21.24130630493164,
  "LPIPS": 0.22385266423225403
 }
}