{
 "ours_30000": {
  "SSIM": 0.7222157716751099,
  "PSNR": 23.505001068115234,
  "LPIPS": 0.23382601141929626
 }
}