{
 "ours_30000": {
  "SSIM": 0.6220574975013733,
  "PSNR": 19.882511138916016,
  "LPIPS": 0.25169163942337036
 }
}